supplier_id,supplier_name,contact_details,region
S0001,"Alexander, Curry and Young",715.344.7080x5241,East
S0002,"Nelson, Garrett and Carroll",(508)393-3849x725,West
S0003,"Pace, Hudson and Edwards",585-204-4295,Central
S0004,"Whitaker, Miller and Graham",639-227-7819x834,Central
S0005,"Patel, Hodges and Williams",+1-744-814-2496x049,Central
S0006,Moyer-Greene,725-293-2883x762,West
S0007,Rodriguez-Smith,549.850.9644x1431,Central
S0008,"Reed, Johnson and Morgan",001-694-579-4001x9722,South
S0009,Calderon Ltd,001-431-342-2660x858,East
S0010,"Nash, Johnson and Williams",502-394-0179x805,West
S0011,Hart Inc,(308)266-8247,East
S0012,Riley Inc,(923)746-4083x221,East
S0013,Johnson and Sons,(288)470-6695,South
S0014,Morris LLC,559.210.4122,West
S0015,Camacho-Hill,901.769.1001x01939,West
S0016,"Herrera, Payne and Allison",001-937-669-7664x7909,North
S0017,Hernandez LLC,001-619-977-3406x908,East
S0018,Harrison Inc,238.982.6684x438,West
S0019,Nguyen PLC,749-475-8518,North
S0020,Cruz Group,001-792-874-3779,East
S0021,Roberts-Pierce,(224)421-2930,East
S0022,Nelson-Meyer,957.667.0703,North
S0023,"Keith, Harrell and Hawkins",+1-400-420-5907x410,Central
S0024,"Howard, Morgan and Kemp",640-549-7300x017,North
S0025,Hill PLC,001-670-405-0553,East
S0026,Lee-Wilson,(375)687-7204x4990,Central
S0027,Anderson-Anderson,+1-318-733-0396,South
S0028,Howe-Ramirez,(658)854-4781x8548,West
S0029,"Anderson, Griffith and Reid",274-631-6929x9671,West
S0030,"Walker, Ramos and Roach",596.267.0035x55404,South
S0031,Meyer and Sons,001-608-465-6738x729,East
S0032,"Vaughn, Lee and Ryan",283-628-1856,Central
S0033,Mckay-Campbell,956.693.4192x38781,South
S0034,Gonzalez LLC,+1-375-913-7830x9949,East
S0035,"Rogers, Vaughn and Pena",305-394-3841,Central
S0036,"Newman, Douglas and Gordon",001-476-298-2367x4706,North
S0037,"Nichols, Wilson and Moyer",701-325-9172,West
S0038,Foster LLC,478-716-6503x8866,West
S0039,Rubio-White,424.723.5128x04801,South
S0040,Mitchell Inc,804-254-6095,South
S0041,Johnson Inc,680-942-0303,South
S0042,Adams Inc,725-341-5011,North
S0043,Williams PLC,684.916.8085x91067,East
S0044,Morse PLC,(871)690-4779,West
S0045,"Scott, Morrison and Garcia",001-422-659-2885x39524,North
S0046,Walker Inc,(830)332-4153x392,West
S0047,"Carroll, Gonzales and Reid",681.211.6795x6873,Central
S0048,Greene Ltd,001-717-676-6109x661,West
S0049,"Green, Boone and Fields",001-610-869-6678x25785,Central
S0050,Watson Inc,+1-319-421-7374,West
S0051,"Cameron, Bowman and Mason",001-330-400-4025x83991,East
S0052,"Meyer, Smith and Hall",(418)332-2565x676,South
S0053,"Moore, Davis and Galvan",001-524-952-5701x502,North
S0054,"Leon, Harvey and Curtis",+1-351-886-2930x3459,North
S0055,Lee Inc,+1-947-977-2976x57965,East
S0056,Payne Group,891-915-6193,South
S0057,"Phillips, Scott and Blake",(462)219-6404x7786,West
S0058,"Garcia, Richardson and Campbell",351.396.3412x15614,East
S0059,Hayes-Vincent,311.622.6901x919,East
S0060,Cardenas-Lewis,225-566-9321x31525,Central
S0061,"Sullivan, Skinner and Morton",2089766126,South
S0062,"Rodriguez, Curry and Bentley",001-460-480-8032x665,West
S0063,"Walker, Gray and Strickland",+1-940-587-7728x2291,South
S0064,Rice PLC,7419435599,South
S0065,Sparks-Walker,(866)286-8604x72562,North
S0066,Gray-Lee,3259603367,West
S0067,Kerr-Mckay,(357)236-7612,East
S0068,Kelley-Torres,899.704.4941,South
S0069,Armstrong and Sons,+1-597-391-8933x32626,North
S0070,"Tran, Pratt and Garcia",713.930.3571x778,West
S0071,Lee Group,001-282-414-6498x85697,South
S0072,Martin-Atkinson,312.899.6423x9605,South
S0073,"Burns, Mitchell and Lee",+1-441-938-5051x40623,West
S0074,Chapman-Wade,(809)246-1696x4608,North
S0075,"Davis, Evans and Carter",439-874-8914x33107,South
S0076,Jones-Clark,935.383.2286x9490,North
S0077,Johnson-Duarte,+1-212-861-1883,East
S0078,Smith-Fields,001-486-593-4045,West
S0079,Rodgers-Kelly,987.822.5792x204,South
S0080,Smith-Garcia,809-201-6264x9786,North
S0081,Serrano-Valdez,(981)587-1732,Central
S0082,Allen Inc,6647207835,North
S0083,Calderon-Palmer,838-620-4906,North
S0084,Gomez Group,2603653379,East
S0085,Gonzales-Mueller,5714219791,North
S0086,Walker-Barnes,(503)962-0330,North
S0087,"Wilson, Herrera and Hernandez",001-311-738-2373x252,West
S0088,"Anderson, Fernandez and Thomas",+1-448-558-7879x926,Central
S0089,"Baldwin, Freeman and Figueroa",(886)378-6383,South
S0090,Gardner-Aguilar,446.568.1353,South
S0091,Bennett-Lee,(271)663-1524x120,South
S0092,Leonard Ltd,881.325.1444x175,Central
S0093,Murillo Ltd,563-962-2189,Central
S0094,"Bishop, Grant and Spencer",001-349-218-1175,Central
S0095,"Collier, Hardy and Tyler",+1-435-661-3304x02154,West
S0096,Gibson and Sons,(891)906-6240x0228,West
S0097,Obrien-Mueller,391.620.8689x8045,Central
S0098,Blanchard Ltd,214-680-6980,Central
S0099,Ross-Barrett,(601)544-0425x1112,East
S0100,Cohen PLC,(923)721-6634x10209,North
S0101,"Mora, Martin and Miller",415.975.7519x8702,North
S0102,Dickerson-Taylor,(218)243-9009x251,Central
S0103,"Perez, Nunez and Wright",+1-725-480-0599x116,East
S0104,Carter and Sons,(500)968-8979x697,North
S0105,Jordan PLC,829-569-1842x3126,West
S0106,Meyer PLC,+1-963-915-5058,South
S0107,Hudson PLC,001-257-759-2194x712,West
S0108,"Rodriguez, Goodman and Thomas",724-603-5498x279,North
S0109,Kennedy-Sutton,382-737-7347x9727,South
S0110,David Ltd,659-366-8065x4406,Central
S0111,"Chavez, Stewart and Davis",526-394-1795,East
S0112,Waters Group,(751)368-5956,North
S0113,Mora PLC,762-342-0617x21167,North
S0114,"Holland, Stewart and Schmidt",(669)888-3181x66588,Central
S0115,"Ramirez, Bradley and Walters",306-686-6129,West
S0116,Todd-Adams,(305)547-7701x731,East
S0117,"Conrad, Bass and Salinas",(480)544-9764x8250,West
S0118,Banks PLC,308-749-3549,East
S0119,Turner-Jones,001-577-255-5270x09383,West
S0120,Liu and Sons,279-397-1890x254,Central
S0121,Reed-Patton,(403)617-2056,South
S0122,Powers LLC,864.953.5028,West
S0123,"Evans, French and Cobb",(773)999-1837x24802,East
S0124,Aguilar-Lee,463-833-1034x009,North
S0125,"Booth, Swanson and Murray",001-232-651-6875,South
S0126,Thomas and Sons,(654)632-3433x3554,North
S0127,"Estrada, Jones and Hansen",285.348.6895x9934,East
S0128,Hayden-Coleman,557-689-3296x5530,South
S0129,Blair-Smith,203-834-4324,West
S0130,"Harris, Garcia and Williams",503.227.2660,East
S0131,Hill-Freeman,771-805-3509x8338,South
S0132,"Tucker, Holt and Hoffman",+1-901-632-5672x2755,East
S0133,Nelson-Keller,8117817635,North
S0134,Cox LLC,(552)423-8264x81888,South
S0135,Garcia LLC,6428106164,West
S0136,"Scott, Stein and Mendoza",+1-782-853-7648,South
S0137,"Davis, Trevino and Boyd",718-632-9105x870,Central
S0138,"Roberts, Parks and Phillips",(316)343-9847x510,North
S0139,Ford Group,537.281.8284x252,West
S0140,Heath Inc,620-332-5586,North
S0141,Mcgrath PLC,681-656-9546,North
S0142,"Pena, Smith and Newton",321.418.8386,Central
S0143,Wright-Jenkins,230-871-8588,Central
S0144,Olson-Mckenzie,(839)250-6938x2778,North
S0145,"Reeves, Ramos and Miles",001-802-790-2042,West
S0146,"Miller, Ford and Torres",358-817-3803x801,West
S0147,Lee PLC,(446)695-3355x9093,Central
S0148,Kidd LLC,6253605855,North
S0149,Martinez LLC,240-635-2194,North
S0150,Miller-Bailey,522-607-9373x570,Central
S0151,Cooper-Adkins,(303)747-6563x443,North
S0152,"Nelson, Sullivan and Moore",320-685-6048x80141,Central
S0153,"Spencer, Wilson and Meyer",347-873-3152x2421,North
S0154,Collins-Morrison,001-319-922-6537x668,East
S0155,"Parker, Wang and Gates",735-515-5847x153,West
S0156,Jones-Farrell,+1-911-674-0261x636,South
S0157,Mcintosh Ltd,001-916-970-6919x849,South
S0158,"Baker, Wagner and Morgan",+1-534-391-0140x06050,South
S0159,"Carey, Pearson and Washington",501.295.2218x97301,North
S0160,Gillespie-Porter,001-973-709-8321x9452,Central
S0161,Johnson Group,(887)820-9140x9688,West
S0162,Mayer-Arnold,998-659-4333x8068,Central
S0163,"Cooper, Lucas and Kirby",(219)712-9689x982,North
S0164,Hernandez Ltd,(941)803-8794x32902,South
S0165,Murray-Jenkins,(253)536-3644x79171,South
S0166,Brown-Hughes,615.388.2381,East
S0167,Wise Inc,553-754-2557,West
S0168,"Little, Clarke and Ford",(224)386-6100,South
S0169,Anderson PLC,+1-386-724-9892x8899,Central
S0170,Johnson PLC,490.404.4537x02291,North
S0171,Todd-Hall,001-391-336-5507x560,North
S0172,Torres-Murillo,+1-743-733-4660x4272,Central
S0173,"Jones, Gardner and Pratt",001-871-499-0248x1323,South
S0174,Roman LLC,522-210-3423,Central
S0175,Richards PLC,599.454.4640,West
S0176,Sanchez-Martin,(368)414-6721x2109,Central
S0177,Allen-Little,714-994-7039x6586,East
S0178,Murray and Sons,(246)603-6353x7342,West
S0179,"Cummings, Christensen and Arellano",+1-337-389-8255x313,Central
S0180,Drake-Ashley,205.631.4990x404,West
S0181,Richardson-Higgins,367-792-4890,South
S0182,Gallegos-Reyes,292-933-4163x13992,Central
S0183,"Hogan, Gibson and Williams",605-781-9668,Central
S0184,Chapman and Sons,210-959-6756x66718,North
S0185,Petersen Inc,359.607.5297x355,North
S0186,"George, James and Stark",3498102811,Central
S0187,Garza PLC,001-240-651-2379x896,South
S0188,Hoffman Inc,+1-692-560-0892x18444,West
S0189,Sutton-Nichols,894-549-5642,Central
S0190,"Ortiz, Miller and Rhodes",+1-850-475-8230x88625,West
S0191,Washington LLC,001-294-230-6065x6608,Central
S0192,"Garcia, Williams and Sanchez",+1-761-807-0398x6623,West
S0193,Reed LLC,(457)993-9326,East
S0194,Johnson-Thompson,532.240.2294,East
S0195,Boone Inc,616-805-3823x3939,South
S0196,"Fernandez, Moore and Hampton",523.269.3655,Central
S0197,Caldwell-Caldwell,(616)591-2531,South
S0198,"Evans, Moran and Anderson",936-227-6460x79474,North
S0199,Nguyen PLC,001-299-332-8337x4206,North
S0200,Luna-Kim,001-639-578-5361x928,Central
S0201,Hill Ltd,001-594-980-2507x28919,North
S0202,Lee-Davis,+1-735-722-4364x4420,South
S0203,Villa Group,+1-572-977-3351x549,East
S0204,Williams LLC,315-599-3823x71297,East
S0205,"Lewis, Le and Villarreal",001-911-472-1858x2975,East
S0206,Hill-Mcintosh,+1-263-227-9480x3527,South
S0207,"Wilson, Johnson and Gaines",850-587-6126,South
S0208,Wall-Buchanan,001-425-439-2811x23117,East
S0209,"Ruiz, Owen and Leonard",340-918-6248x379,East
S0210,Frey-Wyatt,001-801-212-1694x6749,North
S0211,Brown-Kidd,(561)395-7720x0163,Central
S0212,Rivera Group,492.342.4833x372,South
S0213,Schultz-Alexander,001-444-233-1201,East
S0214,"Sherman, Wells and Mcmahon",(524)525-4350x7895,West
S0215,Washington Group,(863)306-1627x9118,West
S0216,Harris-Barker,648-892-4778x84353,West
S0217,"Salazar, Harris and Preston",+1-276-471-6845,South
S0218,"Butler, Simpson and Taylor",884.282.4988x265,West
S0219,Walsh Inc,(751)293-1376x16498,West
S0220,"Wells, James and Morris",+1-885-245-1287x96346,Central
S0221,Donovan and Sons,296.677.4735x779,Central
S0222,Harris and Sons,(808)313-3945x89277,North
S0223,Williams Ltd,697-329-2999x762,North
S0224,Smith-Bush,8425114198,West
S0225,"Bates, Ibarra and Beltran",+1-652-456-8102,South
S0226,Velazquez LLC,+1-444-650-3259,Central
S0227,Garcia-Curtis,986.957.9468,East
S0228,Campbell and Sons,+1-603-499-6608x56296,North
S0229,Maxwell PLC,+1-804-983-9240x524,East
S0230,Carpenter PLC,+1-251-822-5615x432,West
S0231,Williams Group,778-338-6817,Central
S0232,Miranda PLC,745-859-7476,Central
S0233,Lewis and Sons,285-288-2910,West
S0234,Martin Inc,+1-672-897-1343x62061,South
S0235,Baker-King,3172618439,South
S0236,Chen-Obrien,799.206.8709,East
S0237,Salazar Ltd,802-805-2814x952,North
S0238,"Ford, Gregory and Santana",(721)907-3207x421,North
S0239,Delacruz-Clark,(490)985-9010x281,West
S0240,Hill PLC,300.993.2877x8384,South
S0241,"Cabrera, Smith and Bernard",903.379.0922x56712,West
S0242,"Montoya, James and Wheeler",641-448-4275,East
S0243,Watson-Williams,001-346-297-3827x4762,Central
S0244,Burch LLC,796-430-3775x347,West
S0245,"Shields, Morris and Williams",629-363-6033x429,West
S0246,Ramsey-Chung,797.572.3636,West
S0247,"Harrison, Lutz and Olsen",(523)965-4005,Central
S0248,Suarez-Armstrong,321.601.4319x382,West
S0249,Arroyo PLC,+1-271-901-2649x17314,Central
S0250,Klein Group,(378)552-8840,North
S0251,Hartman Inc,(657)799-5087x097,West
S0252,"Payne, Hart and Greene",440-616-2016x583,East
S0253,Coffey-Wilson,809.887.5718x37297,West
S0254,"Pacheco, Williams and Graham",(708)587-6481,East
S0255,Johnson-Berg,643.699.8786x966,Central
S0256,"Martinez, Hall and Lewis",(595)590-2870x22488,Central
S0257,"Brown, Gordon and Gonzalez",001-901-653-2819x011,South
S0258,Sanders-Jones,(252)988-9419,West
S0259,Arnold LLC,+1-431-854-6629x1097,South
S0260,Bell-Moon,001-470-491-9248x356,Central
S0261,"Phillips, Nelson and Adams",+1-531-438-2409x9937,Central
S0262,Kelley-Copeland,728.819.1803,Central
S0263,Spencer-Oneal,679-809-9647,West
S0264,"Hale, Owens and Navarro",262.340.8537x0876,South
S0265,Barnes Ltd,246-839-9798,North
S0266,Walker Ltd,248.683.0204x21736,South
S0267,"Vega, Guerrero and Taylor",(261)572-7929x8248,Central
S0268,"Haynes, Adams and Goodwin",(705)910-4131x127,North
S0269,Reilly-White,001-223-614-9950x637,East
S0270,Farmer Group,987.287.1208,North
S0271,Morrison Ltd,(217)897-8701x032,East
S0272,Krause Group,597-968-5986,East
S0273,Tapia PLC,001-588-732-5297x969,West
S0274,Mclaughlin Ltd,527.249.3281x4973,Central
S0275,Powell-Figueroa,+1-737-214-9646x16072,West
S0276,"Harding, Colon and Long",+1-755-277-9721x42052,South
S0277,Wolfe-Richards,001-969-914-8558x6685,North
S0278,Shannon Ltd,655-811-9848x93975,Central
S0279,Barron-Ramirez,8603365079,East
S0280,"Williams, Berg and Blake",(212)658-5035x07015,East
S0281,"Dominguez, Martinez and Sparks",(909)848-1341x3005,South
S0282,Irwin PLC,001-432-470-5175x2016,West
S0283,"Smith, Joseph and Holt",001-721-588-2882x7195,South
S0284,Gray LLC,(870)214-8105,West
S0285,Armstrong LLC,001-271-935-2206,South
S0286,"Barron, Johnson and Welch",(757)892-8442x7879,Central
S0287,"Reyes, Frost and Hall",984-353-8119,South
S0288,Hancock-Mcdowell,578.335.5937x21668,Central
S0289,Martinez-Neal,(629)973-7727,North
S0290,Hamilton-Ray,(205)386-7795,North
S0291,Avila Ltd,9443791323,East
S0292,Vasquez-Clay,484.747.6558x869,Central
S0293,Carroll and Sons,001-401-617-5118,Central
S0294,Blanchard-Osborne,(697)696-7328x24656,East
S0295,Baker LLC,9254968389,East
S0296,Lara Ltd,+1-950-905-2217x068,South
S0297,Carter-Petty,685.688.2000x9323,South
S0298,"Dunn, Fuentes and Taylor",532-913-5392,Central
S0299,"Greene, Massey and Rose",001-239-403-7860x630,South
S0300,Clark Group,599.754.9461x4871,West
S0301,Garcia-Mendez,293-585-1820x084,Central
S0302,Garcia and Sons,(795)463-8614x45084,Central
S0303,Wilson-Schmidt,+1-648-957-0280,East
S0304,Booker LLC,318.915.0864x2676,South
S0305,"Adams, Pearson and Garcia",348-538-7756,Central
S0306,Walker-Lopez,001-349-586-2080x038,South
S0307,Williams-Tucker,001-630-419-6324x046,South
S0308,Hood Ltd,677-273-6160,East
S0309,Lang Ltd,(304)775-3118x3889,Central
S0310,Weber-Mcclain,859.328.8436,Central
S0311,Washington-Martinez,001-320-970-1999x78142,North
S0312,"Romero, Hood and Medina",871-309-5784x6999,Central
S0313,Cordova Inc,001-544-853-3008,East
S0314,Hebert-Peterson,760-208-1374x6773,East
S0315,Juarez Group,4564714236,Central
S0316,Rice Ltd,201-691-6949,West
S0317,Torres-Love,(563)323-6407x2815,South
S0318,Sanchez-Valencia,+1-753-574-6721,South
S0319,Austin Group,2464730388,South
S0320,"Curtis, Matthews and Knox",660.387.6086x725,West
S0321,Lewis Ltd,+1-300-744-2060,West
S0322,Christian PLC,+1-574-292-5970x098,North
S0323,"Garcia, Hill and Ruiz",603.806.2029x4730,South
S0324,"Russell, Santiago and Butler",8328024961,South
S0325,Neal-Carlson,(209)769-1785x0518,West
S0326,Lee LLC,+1-420-975-0203x441,North
S0327,Waters-Rodriguez,+1-760-578-1041x160,West
S0328,Smith LLC,001-673-349-9338x792,South
S0329,Michael LLC,653-501-5632x833,North
S0330,"Espinoza, Padilla and Hines",001-739-700-3163x41796,South
S0331,"Sanchez, Christensen and Mueller",459-913-1295x733,North
S0332,"Page, Hudson and Kennedy",(603)673-4582,Central
S0333,"York, Williams and Mcguire",(263)401-6691x85317,South
S0334,"Reed, Sanchez and Dean",(425)449-8304x573,North
S0335,Levine LLC,484-421-3816x331,South
S0336,"Young, Davis and Ray",(228)674-3422x7870,South
S0337,"Golden, Blackwell and Tyler",001-564-720-7557x358,South
S0338,Chavez-Townsend,001-750-309-9543x9796,East
S0339,Cooper and Sons,(745)786-3034,West
S0340,Adams PLC,+1-270-290-0827x5456,East
S0341,"Smith, Nicholson and Williams",393.880.8183,West
S0342,Gray and Sons,001-725-361-9653x245,East
S0343,"Gilbert, Duke and Clayton",345-467-2866x91790,West
S0344,"Anderson, Curtis and Huynh",544.782.9895,West
S0345,"Cole, Mccormick and Roach",383.492.4328x161,West
S0346,Erickson-Carpenter,337.805.6308x7554,South
S0347,Keith-Cortez,499-936-3618x4521,South
S0348,Hubbard-Martinez,(354)706-0794x540,Central
S0349,"Jones, Collins and Rhodes",264.586.1807x315,East
S0350,Blair-Flores,292-721-9918x5978,North
S0351,"Horton, Thomas and Lin",+1-816-486-1042,North
S0352,Price-Blair,(811)231-0832,South
S0353,Atkinson-Flores,235.620.7150x9132,North
S0354,"Becker, Gonzalez and Nolan",+1-919-506-0516,South
S0355,Strickland Group,001-666-831-1264x190,Central
S0356,Hunt Ltd,2805584848,West
S0357,Parker-Park,(962)733-2439x20120,East
S0358,Chang-Jordan,407.345.0281x702,West
S0359,Holder-Clements,001-506-237-4429x22158,South
S0360,Conway-Sherman,+1-798-361-4763,Central
S0361,"Bates, Phelps and Brown",851.219.8594,South
S0362,"Rivers, Clarke and Taylor",001-618-283-8191,West
S0363,Nelson LLC,(496)409-8382,Central
S0364,Kim-Pollard,7408468957,Central
S0365,Stark-Murphy,627.810.5529x7388,North
S0366,Wang Inc,+1-316-521-9239x312,South
S0367,Butler LLC,001-622-677-2386x5415,East
S0368,Hogan Group,001-858-504-0922x25145,North
S0369,Ramirez-Jones,(378)485-3731,North
S0370,Ali Inc,818.731.8753x296,North
S0371,Rodriguez Ltd,770.880.7416,East
S0372,"Hernandez, Dean and Mccarthy",001-385-589-8071,North
S0373,Osborn Ltd,438-851-4546x5309,South
S0374,Gardner-Morgan,864-691-7236x746,South
S0375,Young LLC,(427)885-8984,West
S0376,Cuevas and Sons,271.990.2307x680,East
S0377,Hunt-Young,(266)824-3274,East
S0378,"Harris, Brown and Nelson",+1-372-464-1551x661,North
S0379,"Moore, Smith and Wright",001-598-972-7722x6817,East
S0380,Johnson-Logan,278.376.4150x99456,Central
S0381,Wolfe PLC,(531)710-0348x33687,West
S0382,Vargas Ltd,+1-731-953-2182x08060,West
S0383,"Wright, Lindsey and Gordon",502.351.4537x3367,East
S0384,"Williams, Robinson and Walters",+1-921-578-6909,North
S0385,Carroll-Evans,001-595-839-1618x62717,East
S0386,"Oliver, May and Daugherty",831-840-5477x38823,North
S0387,"May, Cordova and Griffith",+1-707-779-8700x80052,East
S0388,Burns LLC,511-520-5342x84481,North
S0389,"Mcgrath, Douglas and Reed",+1-289-356-2748x763,West
S0390,"Olson, Peterson and Scott",967-601-7516x4848,North
S0391,Dickerson Group,+1-287-641-9160x12524,North
S0392,Gibson LLC,606.890.2154x231,North
S0393,Silva-Frazier,(872)291-9752x555,Central
S0394,"Johnson, Weber and Johnson",995-739-0027,West
S0395,"Reed, Johnson and Cochran",(530)634-6733,South
S0396,Novak and Sons,001-666-861-3650x19106,Central
S0397,Ortega-Gaines,(948)641-5069,East
S0398,Coleman-Silva,001-265-628-7278x1812,South
S0399,"Graham, Hernandez and Clark",001-375-335-4498x435,South
S0400,Cunningham-Harris,494-846-3485x5233,West
S0401,Andrews LLC,462.864.8151x423,North
S0402,"Stewart, Kennedy and White",(407)555-3705x029,South
S0403,"Leach, Parker and Hall",2038795477,East
S0404,"Ray, Webb and White",(899)420-6126x351,South
S0405,"Kaufman, Hicks and Smith",(631)427-0890x20060,East
S0406,Page-King,001-949-452-7422,Central
S0407,"Graham, Stevens and Jenkins",854.997.4095x877,North
S0408,Long Ltd,+1-469-498-9815x8416,East
S0409,"Hancock, Adams and Brewer",791.365.5105,Central
S0410,Christian and Sons,392.832.0548,South
S0411,Silva-Ellis,+1-535-626-5803,West
S0412,Jones-Pena,+1-572-696-4767x491,East
S0413,"Newton, Li and Cameron",001-864-911-1855,East
S0414,"Velez, Haas and Reyes",+1-376-974-8446,Central
S0415,"Mason, Patrick and Jarvis",+1-865-567-0901,South
S0416,Hubbard Ltd,(565)526-9628,Central
S0417,Smith Ltd,001-392-233-2227,Central
S0418,King-Cochran,001-385-306-3845x14450,Central
S0419,Copeland-Phillips,(541)343-1782x5777,Central
S0420,Pacheco Inc,(412)860-0001x52916,South
S0421,"Durham, Roach and Jones",+1-354-633-5833,South
S0422,Fowler-Wise,4296148483,South
S0423,"Molina, Gray and Miller",932.373.4290x303,West
S0424,Phillips-Lopez,001-509-232-4361,Central
S0425,"Jordan, Norris and Shaw",(439)562-9491x46024,East
S0426,"Townsend, Tyler and Turner",001-714-603-2945x09505,North
S0427,Townsend Group,915.440.0538x22030,East
S0428,Hudson and Sons,459.645.1972x027,North
S0429,"Jacobson, Lewis and Torres",784.410.9749x7942,West
S0430,Adams-Barton,513.410.0540x18999,West
S0431,Bowman Inc,(683)373-8331,North
S0432,Nguyen PLC,8324266622,West
S0433,"Skinner, Henry and Hughes",+1-520-383-8720x90267,Central
S0434,Dalton-Martinez,742.869.6641x927,South
S0435,"Estrada, Carpenter and Wallace",(737)411-0211x424,East
S0436,Ford LLC,659-531-0411x9091,Central
S0437,"Dunn, Ball and Taylor",698.647.2457x1134,South
S0438,Schmidt-Dickerson,(410)427-4048,Central
S0439,"Watkins, Lopez and Foley",630.300.4544,North
S0440,Taylor-Warren,810.606.8441x263,Central
S0441,"Olsen, Taylor and Mclean",(472)813-6366x51648,North
S0442,Daniel PLC,(881)984-7551x86150,North
S0443,Valentine-Hernandez,+1-875-826-3522x826,South
S0444,Randall Inc,617.322.9962x770,South
S0445,Howard-Villarreal,+1-807-738-9855x987,South
S0446,Murphy Inc,419-567-9419x1536,West
S0447,Allen-Steele,707-355-1976x61676,South
S0448,Cunningham and Sons,001-478-415-9200x336,North
S0449,Jones PLC,2487349138,South
S0450,Mcdonald-Palmer,+1-868-643-7421,East
S0451,Bowen Ltd,+1-474-459-5926x10697,East
S0452,Oliver-Pittman,487.881.9498x52274,West
S0453,"Pope, Macdonald and Mccullough",973.696.0052x22195,East
S0454,Simpson and Sons,001-991-820-6449x757,East
S0455,Jenkins-Campbell,001-220-691-1013x5891,West
S0456,Romero-Bartlett,(282)766-3296x4312,Central
S0457,"Hicks, Chavez and Barker",001-720-467-3009x67640,East
S0458,Brown-Moore,(807)536-5830x15088,North
S0459,"Medina, Miller and Aguilar",(721)886-9916,Central
S0460,Burke-Meza,592.817.4242,East
S0461,Robinson Ltd,363.439.4204x61075,East
S0462,Brown-Scott,7869075009,South
S0463,"Bird, Armstrong and Conley",549.530.6579x4791,South
S0464,"Jenkins, Webster and Rodriguez",737-309-9612,East
S0465,Fitzgerald Inc,(907)493-4959x5924,East
S0466,"Fletcher, George and Thomas",817.642.7234,West
S0467,Rodriguez Ltd,(681)692-9268x623,West
S0468,Wilson Group,+1-456-604-5625,North
S0469,Powell-Martin,+1-957-794-2283x067,North
S0470,Thompson-Wise,679.836.3982,South
S0471,Miller Group,(560)510-6157x55498,East
S0472,"Williams, Warner and Lynch",9749376270,West
S0473,Meyer Inc,555-761-5475,East
S0474,Brown-Scott,(383)342-7773x233,East
S0475,Terry and Sons,+1-319-262-0946x55576,East
S0476,Patel-Boyd,+1-922-234-8157x85208,Central
S0477,Young PLC,316.810.4275,East
S0478,"Garcia, Contreras and Nichols",439.458.0840x483,West
S0479,Hernandez and Sons,+1-951-565-1793x51407,West
S0480,White-Shaw,001-780-704-6674x108,North
S0481,Anderson-Roach,897-696-6622x4525,Central
S0482,"Huff, Foster and Young",4146999352,East
S0483,"Watkins, Flores and Torres",561-216-9235,West
S0484,Medina LLC,844-946-1485x425,East
S0485,Wallace-Ryan,001-421-343-1551,West
S0486,"Benson, Rodriguez and Martin",7133845488,East
S0487,Moore Inc,685-210-8866x4846,North
S0488,"Parker, Jackson and Wilson",991.726.8932x563,East
S0489,Mitchell Inc,868.447.6533x322,South
S0490,"Wheeler, Myers and Wagner",869.882.6862x969,Central
S0491,Hunter-Atkinson,(474)462-1393,North
S0492,Johnson LLC,568-314-1700x2802,East
S0493,Nguyen-Baker,(621)717-4623,East
S0494,Martinez Group,+1-744-500-3667,East
S0495,Williams Inc,+1-683-505-6159x896,East
S0496,"Moon, Bell and Edwards",700.917.3670,South
S0497,Salazar Group,948-913-5201x06704,West
S0498,"Gallagher, Singh and Foster",(383)625-2066,East
S0499,Buckley-Cox,(578)692-3110,North
S0500,"Stewart, Wright and Ruiz",8817381278,Central
S0501,"Garrison, Clark and Richards",+1-788-852-1887x5146,Central
S0502,Lucas Ltd,888-582-8353x12179,Central
S0503,Brooks-Gordon,633-693-5233x9649,East
S0504,Jackson and Sons,372-603-5103,West
S0505,Crawford Ltd,001-659-652-1831x29513,West
S0506,Richards Inc,001-945-819-8058x72014,South
S0507,Pruitt PLC,(549)452-8854x915,Central
S0508,Smith-Johnson,3425298609,South
S0509,"Clark, Munoz and Lindsey",001-320-370-3492x609,Central
S0510,"King, Rush and Garcia",934.231.2579x407,South
S0511,"Aguirre, Johnson and Smith",001-781-420-8875x7715,North
S0512,Bailey PLC,(502)605-3434,Central
S0513,Russell-Rodriguez,6914235842,Central
S0514,Miller-Ball,609.309.2687x1999,West
S0515,Mora-Cooke,+1-649-625-3975x205,Central
S0516,"Hernandez, Johnson and Brown",672.803.2261x2763,Central
S0517,Miller and Sons,(423)329-5246x58232,North
S0518,"Ritter, Williams and Wilson",331-775-1992,East
S0519,Chavez Inc,001-391-254-6259,Central
S0520,Miller-Dunn,(202)729-2532,West
S0521,Oneal-Ramirez,660.495.2279x7503,South
S0522,Williams Group,878.940.8845x688,North
S0523,Mccarthy LLC,410.724.2885x39980,West
S0524,Townsend Group,8652113411,West
S0525,"Martinez, Brooks and Lewis",670-409-6800,North
S0526,"Palmer, Phelps and Gardner",(646)640-1924,North
S0527,Martin-Griffin,308.378.9164,North
S0528,"Underwood, Davidson and Allen",001-292-623-3885x279,South
S0529,Weaver LLC,+1-540-629-7817x733,North
S0530,"Hart, Hamilton and Jimenez",944-763-3478x945,North
S0531,Anderson-Thompson,+1-459-858-4770,East
S0532,"Cook, Peterson and Alvarez",4148467234,West
S0533,Anderson Ltd,948.571.2922x59253,West
S0534,Shaw-Scott,+1-389-442-3775x08621,West
S0535,"Valdez, Tucker and Watts",789.528.6723x321,North
S0536,Lopez-Lewis,456.951.0828,Central
S0537,Oneill-Cooley,(960)221-0870x774,South
S0538,Smith Group,(601)912-5861,West
S0539,"Baker, Lewis and Crawford",+1-384-505-0000x6564,South
S0540,"Hernandez, Douglas and Copeland",001-707-613-9570x39652,Central
S0541,Walsh-King,875.589.8280,North
S0542,Andrews LLC,8955626030,Central
S0543,"Downs, Harrison and Lambert",(972)518-5457x38417,West
S0544,Henry-Chang,001-708-450-6488x76656,East
S0545,Boyer-Brown,253-747-3570x244,West
S0546,Salas Group,804.582.9319x876,Central
S0547,Davis-James,(794)558-8199x03360,West
S0548,Brady-Campbell,001-305-234-7880x257,South
S0549,Elliott-Bryant,999.930.6903x194,North
S0550,Carter and Sons,490-405-4178x046,East
S0551,"Murray, Ray and Barnes",2126609218,West
S0552,"Cuevas, Brooks and Scott",243.950.3700x894,Central
S0553,Herrera and Sons,380.603.0981x5376,North
S0554,"Robertson, Johnson and Castillo",841.989.4976x236,West
S0555,"Thornton, Stephenson and Wilson",593-822-9446x52522,South
S0556,"Ruiz, Alvarez and Allen",849.866.9525,West
S0557,Nelson-Erickson,574.324.5467,East
S0558,Banks Group,284-803-1516,South
S0559,Nelson and Sons,001-554-508-4596x8994,East
S0560,"Simmons, Pollard and Bell",001-218-310-7172x9603,North
S0561,Roberson Inc,+1-477-963-6370,North
S0562,Young PLC,(649)339-4429,South
S0563,Miller-Johnston,(933)619-3390,West
S0564,"Briggs, Pitts and Todd",001-661-391-9065x00132,North
S0565,Frederick Ltd,911.885.6526x356,North
S0566,Khan Group,001-989-951-5736x404,West
S0567,"Oliver, Short and Wells",4474466312,North
S0568,Miller-Cruz,2714506125,North
S0569,Williams and Sons,+1-777-352-7315x3164,Central
S0570,"Adams, Koch and Acosta",693-731-4435x80242,South
S0571,Munoz LLC,+1-877-686-6396,North
S0572,Ford-Little,(285)985-5497x2418,West
S0573,Welch-Garcia,001-402-509-1404x22161,West
S0574,"Hamilton, White and Adams",+1-401-669-4430x318,South
S0575,"Black, White and Cline",(870)781-0451,Central
S0576,Stephens LLC,001-895-773-5700x609,North
S0577,Love Inc,2269923604,East
S0578,York-Lee,001-499-360-5844x54072,North
S0579,"Dawson, Morgan and Phillips",784.236.6576,East
S0580,Mathews Ltd,229-652-4746x02368,West
S0581,Vargas-Stewart,2684772932,West
S0582,Lewis Ltd,592.525.0471,Central
S0583,Mcconnell-Smith,6116030991,South
S0584,Ortiz-Ward,713-340-4495x299,South
S0585,Bradley-Howard,996-969-2860x4775,North
S0586,Sims-Moore,001-414-272-8686x3105,South
S0587,Brown Ltd,+1-982-830-2072x961,Central
S0588,Wheeler and Sons,277-708-3377x419,West
S0589,Sullivan-Weaver,+1-888-609-3194,West
S0590,Hamilton-Smith,001-289-936-9296x64969,North
S0591,Vang Inc,+1-762-921-7588x227,East
S0592,Spencer Inc,271-203-6262,Central
S0593,Leach-Blankenship,(913)544-2989x48539,Central
S0594,"Roberts, Smith and Mills",616-731-9733x5513,South
S0595,Hall-Hill,+1-971-917-5338x43402,North
S0596,Parker LLC,001-930-991-8603,West
S0597,Johnson LLC,306-436-1490,Central
S0598,Morrison PLC,(537)862-8781,Central
S0599,Harris-Bryant,(430)966-9863x091,North
S0600,Small-Rice,413-294-6358x7478,West
S0601,Dodson-Williams,340-644-6609x888,Central
S0602,Smith-Wilson,+1-745-516-3792x605,East
S0603,Clayton Group,579-276-3275x857,Central
S0604,Avila-Cox,001-371-548-0271,East
S0605,Blevins-Mcdonald,2103166674,East
S0606,Sweeney-Washington,+1-630-815-6805x60560,Central
S0607,Mullins and Sons,479.243.5822,East
S0608,"Martin, Ramirez and Bradford",538.415.4412x3373,West
S0609,Nelson-Richard,001-702-477-2425,East
S0610,Hinton Group,780.800.1100x440,South
S0611,"Bullock, Duffy and Prince",386-339-1223,South
S0612,"Powell, Carlson and Gonzalez",512.977.8076,South
S0613,Hunt-Sanchez,237.805.2906,West
S0614,"Lewis, White and Mendoza",001-766-284-3024x87918,South
S0615,Ramos PLC,286-392-6934,South
S0616,Nelson-Walsh,321.380.0422x266,East
S0617,"Mitchell, Moore and Mason",3057526421,Central
S0618,Martin Inc,(276)505-7128,North
S0619,"Berger, Cook and Perez",526.603.8349x86195,East
S0620,Davis-Shaw,(568)559-9297,West
S0621,Johnson PLC,001-994-443-0479,North
S0622,Sanchez PLC,001-255-884-5034x02462,East
S0623,"Atkins, Davis and Bentley",+1-225-302-1321x15034,Central
S0624,Green Group,+1-730-965-6181x9531,North
S0625,Mahoney-Walker,764.519.3645x179,West
S0626,"Henderson, Jimenez and Hill",+1-371-741-0810,East
S0627,"Kirby, Zhang and Miller",001-808-255-6509x683,Central
S0628,"Blanchard, Smith and Taylor",580-920-0618x233,East
S0629,Hardin-Perez,260.607.9468,South
S0630,Hamilton PLC,(728)929-1412x7933,Central
S0631,Singleton PLC,001-407-513-7069,South
S0632,Blackwell and Sons,001-935-326-8114x879,North
S0633,"Brown, Kelley and Carter",697-884-7198x73159,West
S0634,"Vasquez, Cox and Gonzalez",376.701.0902x791,East
S0635,Yates-Owens,001-318-224-8836x387,West
S0636,"Wagner, Mcgrath and Johnson",381-649-1010x4843,South
S0637,"Fisher, Moses and Williams",227-512-2083x79061,Central
S0638,Guerra-Gonzalez,641.760.2064x907,Central
S0639,"Anderson, Franklin and Pittman",+1-394-942-0548,West
S0640,"Stewart, Hernandez and Nguyen",891-353-3494x71886,West
S0641,"Franklin, Miller and Higgins",607.365.7422x96184,West
S0642,"Vaughan, Rich and Porter",915.408.9528x96629,South
S0643,Fields Ltd,+1-479-363-9692x5422,West
S0644,"Mckay, Obrien and Sullivan",001-596-908-3053,East
S0645,Smith-Jarvis,776.275.6675,West
S0646,Fleming and Sons,+1-922-782-0559x72359,North
S0647,"Lang, Ruiz and Garcia",357.226.3654,South
S0648,Boyd-Rodriguez,001-410-835-3461x845,East
S0649,Coleman-Foley,552.388.7770,South
S0650,Christensen LLC,(368)221-1303,Central
S0651,Ryan LLC,+1-492-851-8549x32666,South
S0652,Williams-Johnson,(915)892-6406x708,East
S0653,Gonzalez Inc,001-716-285-8261x7302,West
S0654,Harmon-Moore,(724)208-0173x9186,East
S0655,"Browning, Hancock and Perez",(625)685-9061x098,South
S0656,Richardson and Sons,688.792.0690x1441,East
S0657,"Michael, Fernandez and Smith",529.507.5947x3683,North
S0658,Wilson Ltd,001-302-350-2673x40365,East
S0659,"Zimmerman, Sexton and Smith",001-385-485-7377,North
S0660,Dean Ltd,001-946-341-8145x3075,East
S0661,"Stevens, Gilbert and Garcia",768-334-9208x548,North
S0662,"Rodriguez, Reyes and Watkins",001-253-905-2117x3556,East
S0663,"Allison, Johnson and Gonzalez",424-501-3116,West
S0664,"Gomez, Bailey and Reed",+1-227-638-7742x07226,West
S0665,"Lucas, Gray and Vazquez",+1-235-779-4882x879,North
S0666,Owens and Sons,001-583-505-0839x545,South
S0667,"Lopez, Garner and Church",3566735318,Central
S0668,"Barnett, Johnson and Allen",+1-757-830-2133x231,West
S0669,"Daniels, Williams and Murphy",001-315-414-8537x0683,South
S0670,Jones-Davis,791-464-1677x676,West
S0671,Ward Inc,(921)768-1166,East
S0672,Fitzpatrick LLC,(945)859-0996x4226,West
S0673,Montgomery Ltd,+1-812-895-1150x02820,West
S0674,"Frazier, Johnson and Johnson",551.865.9959,East
S0675,"Allen, Hernandez and Oconnor",697-776-0847x1475,North
S0676,Smith PLC,503.737.6718x97401,North
S0677,Collins LLC,+1-474-433-2640,North
S0678,Johnson Group,738-320-0811,East
S0679,Guerrero Ltd,422.216.8406,North
S0680,Smith and Sons,(923)311-4945x29904,West
S0681,"Miller, Gutierrez and Jones",+1-568-372-5832,East
S0682,Oneill-Davis,6169669896,West
S0683,"Williams, Green and Robbins",(899)420-8046x95174,East
S0684,Rodriguez and Sons,437.586.6836,South
S0685,Campbell Inc,(764)425-8169,South
S0686,Dunn PLC,+1-955-804-8774,North
S0687,"Miller, Brewer and Gomez",+1-988-342-9466x347,North
S0688,Medina-Underwood,001-479-465-6699,South
S0689,"Smith, Waters and Stokes",836.302.0552,South
S0690,Cunningham-Johnson,264-402-5150x6401,West
S0691,"May, Williams and Harrison",634-981-2348x1817,West
S0692,Bowman-Rivas,+1-748-354-1901x76768,South
S0693,Snyder and Sons,689.348.4547x5686,South
S0694,Kelley Ltd,+1-961-820-7320x01392,East
S0695,Ellison-Castro,989.816.1905,West
S0696,Garza-Porter,+1-357-601-6135,South
S0697,"Parker, Simmons and Harrison",+1-826-937-2545x8859,Central
S0698,Coffey Inc,638.206.6823x9513,South
S0699,James-Howell,343-393-5124,Central
S0700,Morris-Christensen,(883)464-9126x96654,Central
S0701,Ellison-Collins,001-426-686-0092x534,West
S0702,"Young, Warren and Smith",001-282-258-6108,West
S0703,"Walsh, Gonzalez and Fuentes",001-238-813-7450x8409,South
S0704,Hill LLC,663.495.3199x4357,East
S0705,Perez-Hardin,675.445.3969,West
S0706,Hoffman-Murphy,9533277033,West
S0707,Morris Ltd,001-489-378-5616x64570,North
S0708,"Moreno, Turner and Butler",5539002524,West
S0709,"Greer, Jackson and Wood",483-432-9716x646,West
S0710,Stewart-Perkins,001-263-245-5428,East
S0711,"Brown, Daniel and Harris",(663)496-8286,West
S0712,Molina PLC,460.952.0845,East
S0713,"Martinez, Pham and Carter",001-374-511-4962x53963,North
S0714,Shields-Tyler,437-892-7246,East
S0715,"Cook, Wagner and Mckay",895.533.0822x525,South
S0716,"Hill, Cross and Evans",661-649-4848x514,North
S0717,"Gomez, Nolan and Hawkins",001-861-807-1049x835,Central
S0718,Benson LLC,631-300-9427,West
S0719,Roberts Inc,(436)961-9927x51064,Central
S0720,"Dominguez, Hudson and Pitts",478-781-7057x344,East
S0721,"Cervantes, Hampton and Dominguez",(659)585-4563,South
S0722,Olson Inc,001-840-563-3048x3284,Central
S0723,"Sosa, Turner and Bowen",001-967-903-8769x6950,East
S0724,Gonzalez LLC,001-710-683-4938x49546,North
S0725,Wright and Sons,2839925919,Central
S0726,"Burton, Brooks and Clark",389-746-8402,East
S0727,Powell-Taylor,560-573-9135x2898,Central
S0728,"Ross, West and Edwards",(420)230-0663,South
S0729,Lawrence-Torres,+1-589-317-1555x1022,South
S0730,"Foster, Alvarez and Mayer",001-559-758-0040x2745,Central
S0731,Delacruz-Sanchez,(447)378-5568x511,West
S0732,Anderson Ltd,001-808-786-6376x6937,East
S0733,"Wood, Shaw and French",2798595565,West
S0734,"Powers, Harris and Mathews",+1-553-403-9144x12813,North
S0735,"Rivera, Perry and Johnson",505.518.6659x908,South
S0736,Anderson PLC,001-415-629-1814x004,East
S0737,Chavez-Smith,440-700-3941,South
S0738,Andrews PLC,+1-603-837-5498x396,South
S0739,Chang Ltd,(229)825-5640x786,South
S0740,Wagner-Cowan,001-959-925-0644x68844,East
S0741,"Marquez, Clarke and Mcclain",(229)417-0186x914,East
S0742,Anderson Ltd,359-345-6548,Central
S0743,"Duncan, Howell and Patterson",(319)793-0791x2792,Central
S0744,Everett Ltd,001-827-587-0060x9532,West
S0745,"Ortega, Morris and Mathews",+1-878-791-1811x013,South
S0746,Spencer LLC,9104868306,South
S0747,Wong-Johnson,224.720.7307,East
S0748,Barton LLC,+1-672-427-5888x25883,South
S0749,Clark and Sons,+1-505-924-2981,South
S0750,"Duke, Alvarez and Dunlap",799-420-0026x8238,East
S0751,Davis Inc,446-787-4274,North
S0752,Mcbride-Terry,(670)537-2508,East
S0753,"Garcia, Buchanan and Conway",001-296-501-2900x894,East
S0754,"King, Turner and Watson",001-942-988-1014x2348,North
S0755,"Moore, Stark and Long",830.824.5108x965,East
S0756,Porter Group,+1-844-660-0961x626,East
S0757,Lopez-Sanchez,+1-510-660-6567,East
S0758,"George, Campbell and Ballard",(984)388-6160x341,East
S0759,Nichols PLC,(913)686-9687x2367,South
S0760,Bryant-Page,(352)680-6139,South
S0761,Mays Inc,287.903.3479,Central
S0762,Hernandez PLC,+1-212-468-7003x06876,South
S0763,"Norman, Weber and Snow",+1-587-714-6148,North
S0764,Jones and Sons,957-477-5809,East
S0765,Jones-Lee,355-387-9083,North
S0766,Bishop-Nolan,(476)636-5255x3658,Central
S0767,Burton-Miller,(882)580-4197x89775,South
S0768,"Edwards, Hamilton and Smith",9685014423,North
S0769,Galvan Ltd,221.237.1854x505,North
S0770,Campbell-Turner,+1-478-693-1277,North
S0771,Owens-Crawford,(586)272-3338,South
S0772,"Miller, Davis and Howard",001-367-332-4769x909,West
S0773,Gallagher-Vazquez,260.704.5052x12896,South
S0774,Smith LLC,876-715-7536,Central
S0775,Reed LLC,001-385-965-0686,West
S0776,"Fischer, Wilkinson and Garcia",(217)674-2433x2402,Central
S0777,"Gomez, Williams and Bruce",001-877-204-1411x880,Central
S0778,White LLC,3377732541,North
S0779,Tate-Dennis,6677289538,West
S0780,Garcia-Rodriguez,855.672.3960x9567,East
S0781,Russo LLC,(944)610-2455,West
S0782,Vega and Sons,809.541.9971x90645,North
S0783,"Kramer, Green and Smith",+1-636-205-7606x0329,Central
S0784,"Downs, Riley and Soto",(797)518-3024x138,South
S0785,Moody PLC,995-833-8920x401,Central
S0786,Clayton Ltd,+1-372-391-4449x42330,West
S0787,Brown-Obrien,6829050996,East
S0788,Lewis-Kelley,986.354.4556x286,West
S0789,Mills Group,2053733240,East
S0790,Smith PLC,6877022730,South
S0791,"Gonzalez, Burgess and Robertson",(417)542-5665x8387,North
S0792,Coleman-Mitchell,520.768.9341x388,West
S0793,Jennings-Boyd,001-668-226-8679,South
S0794,Singleton-Cross,340.466.1792,West
S0795,Charles PLC,(262)254-5297x030,Central
S0796,Byrd-Edwards,926.536.6378,North
S0797,Spencer-Webb,+1-632-801-1807x81349,Central
S0798,"Brown, Brown and Brown",958-904-5950x55471,North
S0799,Brooks-Hernandez,900-213-5038,North
S0800,Hickman-Strong,(477)577-6413,North
S0801,"Frank, Alexander and Taylor",742-588-1159x8265,Central
S0802,Ellis LLC,001-766-249-3126,South
S0803,Adams Group,(238)466-7337,North
S0804,Newman-Rosario,(600)291-7279x439,North
S0805,Smith-Dunlap,7895330284,East
S0806,Golden PLC,001-834-567-3077,Central
S0807,"Jackson, Smith and Murray",+1-370-253-7592x2859,East
S0808,James PLC,822.704.3336x674,North
S0809,Morgan Group,+1-958-216-0604x45650,East
S0810,Obrien-Herrera,497.553.8313x4665,East
S0811,Allison-Ross,(989)719-8905,East
S0812,"Day, Porter and Frazier",769-366-0592,South
S0813,Dougherty-Harmon,595.307.4326,South
S0814,Boyd-Washington,+1-250-478-5034x4096,West
S0815,Hernandez Inc,797.251.2203x43847,South
S0816,Calderon-Collins,(451)499-2073x9192,South
S0817,Ross LLC,+1-892-661-6314x2165,North
S0818,Holland-Henderson,(353)642-7315x05604,West
S0819,"Garcia, Murphy and Gutierrez",885.683.6859x037,West
S0820,"Freeman, Hunter and Brady",524.969.5927x8664,South
S0821,Sanchez-Mckenzie,891.846.1834x4201,West
S0822,Hurst Ltd,+1-447-334-0632x7699,South
S0823,Porter PLC,(911)321-3812,West
S0824,"Jenkins, Boyd and French",418.558.3341x05569,South
S0825,Martinez-Hardin,(733)934-5128x339,East
S0826,"Wilson, Contreras and Murray",976.717.7875x184,East
S0827,"Stewart, Wilson and Bennett",961.542.6432,Central
S0828,Powers-Carroll,2863054376,East
S0829,Young Ltd,(624)741-4306x8748,South
S0830,"Garcia, Hodges and Lutz",931.455.4749,Central
S0831,Hill-Bray,+1-635-492-9351x76149,North
S0832,Bonilla-Armstrong,(638)925-5787,East
S0833,Garner-Rodriguez,390.484.8951,Central
S0834,Bailey-Hutchinson,001-653-924-7837x2171,South
S0835,Nguyen Ltd,583-515-2185x1754,South
S0836,Salinas-Jones,(259)861-4597x56247,West
S0837,"Mueller, Caldwell and Pugh",+1-500-971-0850x26474,North
S0838,Potter-Diaz,5535165455,East
S0839,Cooper PLC,+1-578-756-5712x966,West
S0840,Fox-Wells,651-556-0156x3269,West
S0841,Trevino-Gutierrez,526.858.4719x34255,East
S0842,"Gentry, Smith and Watts",683-875-5477,Central
S0843,Rubio Inc,283-648-5039x59097,Central
S0844,"Ward, Lee and Wheeler",214-555-6832,East
S0845,Roberts-Moore,(576)283-8122x618,South
S0846,Reed LLC,001-893-754-3343,North
S0847,"Allen, Burnett and Harding",001-632-937-9897x13890,West
S0848,Pruitt-Olsen,480-858-4641x4970,East
S0849,Miller-Hampton,654.747.1619x8034,West
S0850,Hamilton and Sons,001-718-568-6225x066,North
S0851,Harrington Inc,9252642510,Central
S0852,Burke Ltd,310.354.4963x032,North
S0853,Dyer Ltd,+1-289-405-8896,Central
S0854,"Miller, Gonzalez and Pham",(337)935-5283,South
S0855,Klein-Torres,7942279432,South
S0856,"Mitchell, Moreno and Russell",(584)959-5958,West
S0857,Ramirez Ltd,+1-953-772-9020x42157,North
S0858,Young-Johnson,+1-451-628-1851,East
S0859,Casey and Sons,396-805-7698,North
S0860,Edwards-Hebert,+1-943-499-9856x9243,Central
S0861,"Monroe, Smith and Reyes",+1-469-200-4886x78592,Central
S0862,"Clark, Mcintosh and Fisher",+1-968-980-1119,Central
S0863,"Williams, Higgins and Carlson",001-246-422-2273x251,North
S0864,Harper LLC,949-336-8268,Central
S0865,Avila-Mendez,(439)982-8100x1136,East
S0866,Eaton Inc,+1-576-759-3126,East
S0867,Schneider-Mccarty,001-434-890-4075x832,South
S0868,Moore-Turner,470.908.7442x108,South
S0869,"George, Allen and Stevenson",616-622-6296,West
S0870,Brown PLC,497.834.9130x7044,South
S0871,"Mitchell, Moore and Clark",+1-687-878-5947x43024,East
S0872,Simpson-Griffin,935.870.2711,Central
S0873,"Franco, Cunningham and Nelson",619-485-4858x22193,East
S0874,Beck Group,(893)558-7337,North
S0875,Adkins PLC,6715096934,South
S0876,Rodriguez Inc,898.488.6119x3672,South
S0877,"Anderson, Baker and Dixon",001-852-542-7735x9583,Central
S0878,Olsen Ltd,001-650-418-1944x7955,West
S0879,Camacho Ltd,001-925-798-2258,South
S0880,Jones-Flores,(603)241-9650,North
S0881,Price and Sons,(805)685-2238x651,West
S0882,"Wallace, Wright and Decker",491-561-3124,Central
S0883,Chen Inc,741-541-4056x4034,East
S0884,Carter-Lane,492-734-1937,North
S0885,Jones-Mcbride,943-611-3220,East
S0886,"Carter, Johnson and Lee",776.293.3922x90235,West
S0887,"Gutierrez, Mitchell and Le",673-731-4335,South
S0888,Keith-Patterson,621.951.9560x3049,North
S0889,Fisher-Baker,+1-886-284-0659x60881,West
S0890,Macias Group,877.747.5606x4155,Central
